{"cameraMode":{"drawMode":0,"name":"Shaded","section":"Shading Mode"},"sceneLighting":false,"audioPlay":false,"sceneViewState":{"showFog":true,"showMaterialUpdate":true,"showSkybox":false,"showFlares":true,"showImageEffects":true,"showParticleSystems":true},"in2DMode":false,"pivot":{"x":2.517749071121216,"y":1.0895146131515504,"z":8.032462120056153},"rotation":{"x":0.4631783366203308,"y":-0.09672214835882187,"z":0.05273488163948059,"w":0.8797175884246826},"size":0.9310623407363892,"orthographic":false}