{"cameraMode":{"drawMode":0,"name":"Shaded","section":"Shading Mode"},"sceneLighting":false,"audioPlay":false,"sceneViewState":{"showFog":true,"showMaterialUpdate":true,"showSkybox":false,"showFlares":true,"showImageEffects":true,"showParticleSystems":true},"in2DMode":false,"pivot":{"x":3.8591670989990236,"y":3.9774985313415529,"z":15.20380973815918},"rotation":{"x":0.01827864535152912,"y":-0.02365228906273842,"z":0.0015148934908211232,"w":0.9998153448104858},"size":3.808197498321533,"orthographic":false}