{"cameraMode":{"drawMode":0,"name":"Shaded","section":"Shading Mode"},"sceneLighting":false,"audioPlay":false,"sceneViewState":{"showFog":true,"showMaterialUpdate":true,"showSkybox":false,"showFlares":true,"showImageEffects":true,"showParticleSystems":true},"in2DMode":false,"pivot":{"x":2.464360475540161,"y":3.6911869049072267,"z":4.999917507171631},"rotation":{"x":0.3775884211063385,"y":0.08840624243021012,"z":-0.03489703685045242,"w":0.9214103817939758},"size":0.9310623407363892,"orthographic":false}