{"cameraMode":{"drawMode":0,"name":"Shaded","section":"Shading Mode"},"sceneLighting":false,"audioPlay":false,"sceneViewState":{"showFog":true,"showMaterialUpdate":true,"showSkybox":false,"showFlares":true,"showImageEffects":true,"showParticleSystems":true},"in2DMode":false,"pivot":{"x":5.510711669921875,"y":4.091306209564209,"z":12.086082458496094},"rotation":{"x":-0.0017357992473989726,"y":0.9111258387565613,"z":-0.4121500253677368,"w":-0.0038230547215789558},"size":3.808197498321533,"orthographic":false}