{"cameraMode":{"drawMode":0,"name":"Shaded","section":"Shading Mode"},"sceneLighting":false,"audioPlay":false,"sceneViewState":{"showFog":true,"showMaterialUpdate":true,"showSkybox":false,"showFlares":true,"showImageEffects":true,"showParticleSystems":true},"in2DMode":false,"pivot":{"x":4.080119609832764,"y":4.352952480316162,"z":3.662501335144043},"rotation":{"x":0.2569235563278198,"y":-0.00968968030065298,"z":0.0032177395187318327,"w":0.9665772914886475},"size":1.1224972009658814,"orthographic":false}