{"cameraMode":{"drawMode":0,"name":"Shaded","section":"Shading Mode"},"sceneLighting":false,"audioPlay":false,"sceneViewState":{"showFog":true,"showMaterialUpdate":true,"showSkybox":false,"showFlares":true,"showImageEffects":true,"showParticleSystems":true},"in2DMode":false,"pivot":{"x":3.9340009689331056,"y":0.22000032663345338,"z":2.0},"rotation":{"x":-0.2701956629753113,"y":0.1910659670829773,"z":-0.05479854717850685,"w":-0.9420846700668335},"size":5.375502586364746,"orthographic":false}