{"cameraMode":{"drawMode":0,"name":"Shaded","section":"Shading Mode"},"sceneLighting":false,"audioPlay":false,"sceneViewState":{"showFog":true,"showMaterialUpdate":true,"showSkybox":false,"showFlares":true,"showImageEffects":true,"showParticleSystems":true},"in2DMode":false,"pivot":{"x":17.05801773071289,"y":13.643157005310059,"z":6.139954090118408},"rotation":{"x":0.43921440839767458,"y":-0.022220538929104806,"z":0.011189914308488369,"w":0.8982023000717163},"size":5.323948860168457,"orthographic":false}