{"cameraMode":{"drawMode":0,"name":"Shaded","section":"Shading Mode"},"sceneLighting":false,"audioPlay":false,"sceneViewState":{"showFog":true,"showMaterialUpdate":true,"showSkybox":false,"showFlares":true,"showImageEffects":true,"showParticleSystems":true},"in2DMode":false,"pivot":{"x":7.43384313583374,"y":-5.5859270095825199,"z":9.179941177368164},"rotation":{"x":0.34834134578704836,"y":-0.019015757367014886,"z":0.008189192041754723,"w":0.9374232292175293},"size":10.0,"orthographic":false}