{"cameraMode":{"drawMode":0,"name":"Shaded","section":"Shading Mode"},"sceneLighting":false,"audioPlay":false,"sceneViewState":{"showFog":true,"showMaterialUpdate":true,"showSkybox":false,"showFlares":true,"showImageEffects":true,"showParticleSystems":true},"in2DMode":false,"pivot":{"x":3.5937094688415529,"y":2.064175844192505,"z":14.716195106506348},"rotation":{"x":0.30123206973075869,"y":0.0491056889295578,"z":-0.014853275381028653,"w":0.9523736834526062},"size":1.9962965250015259,"orthographic":false}