{"cameraMode":{"drawMode":0,"name":"Shaded","section":"Shading Mode"},"sceneLighting":false,"audioPlay":false,"sceneViewState":{"showFog":true,"showMaterialUpdate":true,"showSkybox":false,"showFlares":true,"showImageEffects":true,"showParticleSystems":true},"in2DMode":false,"pivot":{"x":2.902482271194458,"y":5.805546760559082,"z":11.323440551757813},"rotation":{"x":0.18766531348228455,"y":-0.07014274597167969,"z":0.014563065953552723,"w":0.9798873662948608},"size":3.808197498321533,"orthographic":false}