{"cameraMode":{"drawMode":0,"name":"Shaded","section":"Shading Mode"},"sceneLighting":true,"audioPlay":false,"sceneViewState":{"showFog":true,"showMaterialUpdate":true,"showSkybox":true,"showFlares":true,"showImageEffects":true,"showParticleSystems":true},"in2DMode":false,"pivot":{"x":-1.1183758974075318,"y":44.53056335449219,"z":28.765750885009767},"rotation":{"x":0.5177903771400452,"y":-0.03837720677256584,"z":0.025124311447143556,"w":0.8546096682548523},"size":9.550000190734864,"orthographic":false}