{"cameraMode":{"drawMode":0,"name":"Shaded","section":"Shading Mode"},"sceneLighting":false,"audioPlay":false,"sceneViewState":{"showFog":true,"showMaterialUpdate":true,"showSkybox":false,"showFlares":true,"showImageEffects":true,"showParticleSystems":true},"in2DMode":false,"pivot":{"x":10.318007469177246,"y":2.6269006729125978,"z":-4.018991947174072},"rotation":{"x":0.40517741441726687,"y":-0.028074007481336595,"z":0.013599148951470852,"w":0.9139971733093262},"size":10.0,"orthographic":false}