{"cameraMode":{"drawMode":0,"name":"Shaded","section":"Shading Mode"},"sceneLighting":false,"audioPlay":false,"sceneViewState":{"showFog":true,"showMaterialUpdate":true,"showSkybox":false,"showFlares":true,"showImageEffects":true,"showParticleSystems":true},"in2DMode":false,"pivot":{"x":2.517749071121216,"y":1.0895146131515504,"z":8.032462120056153},"rotation":{"x":-0.23194095492362977,"y":0.11697915196418762,"z":-0.02812771312892437,"w":-0.9653148055076599},"size":0.9310623407363892,"orthographic":false}