{"cameraMode":{"drawMode":0,"name":"Shaded","section":"Shading Mode"},"sceneLighting":false,"audioPlay":false,"sceneViewState":{"showFog":true,"showMaterialUpdate":true,"showSkybox":false,"showFlares":true,"showImageEffects":true,"showParticleSystems":true},"in2DMode":false,"pivot":{"x":-21.050872802734376,"y":32.51549530029297,"z":-0.7999668121337891},"rotation":{"x":0.4540204703807831,"y":0.026648269966244699,"z":-0.0119485417380929,"w":0.8908257484436035},"size":2.5359160900115969,"orthographic":false}