{"cameraMode":{"drawMode":0,"name":"Shaded","section":"Shading Mode"},"sceneLighting":false,"audioPlay":false,"sceneViewState":{"showFog":true,"showMaterialUpdate":true,"showSkybox":false,"showFlares":true,"showImageEffects":true,"showParticleSystems":true},"in2DMode":false,"pivot":{"x":2.0028023719787599,"y":3.523500442504883,"z":88.5},"rotation":{"x":0.35731151700019839,"y":-0.601800262928009,"z":0.34648793935775759,"w":0.6250408291816711},"size":9.347585678100586,"orthographic":false}