{"cameraMode":{"drawMode":0,"name":"Shaded","section":"Shading Mode"},"sceneLighting":false,"audioPlay":false,"sceneViewState":{"showFog":true,"showMaterialUpdate":true,"showSkybox":false,"showFlares":true,"showImageEffects":true,"showParticleSystems":true},"in2DMode":false,"pivot":{"x":4.125,"y":1.2899999618530274,"z":8.399999618530274},"rotation":{"x":-0.328329861164093,"y":0.09526954591274262,"z":-0.03332436829805374,"w":-0.9391935467720032},"size":1.5262372493743897,"orthographic":false}