{"cameraMode":{"drawMode":0,"name":"Shaded","section":"Shading Mode"},"sceneLighting":false,"audioPlay":false,"sceneViewState":{"showFog":true,"showMaterialUpdate":true,"showSkybox":false,"showFlares":true,"showImageEffects":true,"showParticleSystems":true},"in2DMode":false,"pivot":{"x":1.466030478477478,"y":0.900001049041748,"z":-7.210291862487793},"rotation":{"x":-0.4976200759410858,"y":-0.0046911886893212799,"z":0.0026762865018099548,"w":-0.8674821257591248},"size":3.625061511993408,"orthographic":false}