{"cameraMode":{"drawMode":0,"name":"Shaded","section":"Shading Mode"},"sceneLighting":false,"audioPlay":false,"sceneViewState":{"showFog":true,"showMaterialUpdate":true,"showSkybox":false,"showFlares":true,"showImageEffects":true,"showParticleSystems":true},"in2DMode":false,"pivot":{"x":-18.23290252685547,"y":10.07723617553711,"z":11.33042049407959},"rotation":{"x":0.4975522458553314,"y":-0.019518986344337465,"z":0.01288012694567442,"w":0.8674405813217163},"size":10.0,"orthographic":false}