{"cameraMode":{"drawMode":0,"name":"Shaded","section":"Shading Mode"},"sceneLighting":false,"audioPlay":false,"sceneViewState":{"showFog":true,"showMaterialUpdate":true,"showSkybox":false,"showFlares":true,"showImageEffects":true,"showParticleSystems":true},"in2DMode":false,"pivot":{"x":3.916219711303711,"y":27.203449249267579,"z":15.16995906829834},"rotation":{"x":-0.48520827293395998,"y":0.5125002264976502,"z":-0.46657976508140566,"w":-0.533423662185669},"size":3.5711355209350588,"orthographic":false}