{"cameraMode":{"drawMode":0,"name":"Shaded","section":"Shading Mode"},"sceneLighting":true,"audioPlay":false,"sceneViewState":{"showFog":true,"showMaterialUpdate":true,"showSkybox":true,"showFlares":true,"showImageEffects":true,"showParticleSystems":true},"in2DMode":false,"pivot":{"x":4.579089164733887,"y":10.15296745300293,"z":-8.656189918518067},"rotation":{"x":-0.227865070104599,"y":-0.005911350250244141,"z":-0.0000016919259451242397,"w":-0.9740099906921387},"size":1.41552734375,"orthographic":false}