{"cameraMode":{"drawMode":0,"name":"Shaded","section":"Shading Mode"},"sceneLighting":false,"audioPlay":false,"sceneViewState":{"showFog":true,"showMaterialUpdate":true,"showSkybox":false,"showFlares":true,"showImageEffects":true,"showParticleSystems":true},"in2DMode":false,"pivot":{"x":2.1852753162384035,"y":0.76222163438797,"z":1.0534474849700928},"rotation":{"x":-0.03574126958847046,"y":0.8988038301467896,"z":-0.07459498196840286,"w":-0.4305170178413391},"size":3.808197498321533,"orthographic":false}